title,ingredients,instructions,ing_clean
dilly macaroni salad recipe,"['1 c. elbow macaroni', '1 c. cubed American cheese (4 ounce.)', '1/2 c. sliced celery', '1/2 c. minced green pepper', '3 tbsp. minced pimento', '1/2 c. mayonnaise or possibly salad dressing', '1 tbsp. vinegar', '3/4 teaspoon salt', '1/2 teaspoon dry dill weed']","['Cook macaroni according to package directions; drain well.', 'Cold.', 'Combine macaroni, cheese cubes, celery, green pepper and pimento.', 'Blend together mayonnaise or possibly salad dressing, vinegar, salt and dill weed; add in to macaroni mix.', 'Toss lightly.', 'Cover and refrigeratewell.', 'Serve salad in lettuce lined bowl if you like.', 'Makes 6 servings.']","elbow, pepper, mayonnaise, vinegar, salt, dill, weed"
gazpacho,"['8 tomatoes, quartered', 'Kosher salt', '1 red onion, cut into small dice', '1 green bell pepper, cut into small dice', '1 red bell pepper, cut into small dice', '1 yellow bell pepper, cut into small dice', '1/2 cucumber, cut into small dice', 'Extra-virgin olive oil, for drizzling', '3 leaves fresh basil, finely chopped']","['Add the tomatoes to a food processor with a pinch of salt and puree until smooth.', 'Combine the onions, bell peppers and cucumbers with the tomato puree in a large bowl.', 'Chill at least 1 hour.', 'Drizzle with olive oil, garnish with chopped basil and serve.']","onion, bell, pepper, bell, pepper, bell, pepper, oil, basil"
crunchy onion potato bake,"['2 12 cups milk', '1 12 cups water', '14 cup butter', 'mashed potatoes, 1 box, homestyle', '1 (8 ounce) can whole kernel corn (drained)', '1 cup cheddar cheese', '1 cup French-fried onions']","['Preheat oven to 350 degrees Fahrenheit.', 'Spray pan with non stick cooking spray.', 'Heat milk, water and butter to boiling; stir in contents of both pouches of potatoes; let stand one minute.', 'Stir in corn.', 'Spoon half the potato mixture in pan.', 'Sprinkle half each of cheese and onions; top with remaining potatoes.', 'Sprinkle with remaining cheese and onions.', 'Bake 10 to 15 minutes until cheese is melted.', 'Enjoy !']","milk, water, butter, box, homestyle, Frenchfried, onions"
cool 'n easy creamy watermelon pie,"['1 (3 ounce) package watermelon gelatin', '14 cup boiling water', '1 (12 ounce) package Cool Whip, thawed', '2 cups cubed seedless watermelon', '1 graham cracker crust']","['Dissolve Jello in boiling water.', 'Allow to cool to room temp.', 'Whisk in Cool Whip.', 'Fold in watermelon.', 'Spoon into crust.', 'Chill for 2-3 hours or overnight.', 'Yum!']","water, package, Cool, Whip, seedless, watermelon"
strawberry rhubarb dump cake,"['6 -8 cups fresh rhubarb, or', '6 -8 cups frozen rhubarb, thawed', '1 12 cups granulated sugar', '6 ounces strawberry Jell-O gelatin dessert', '1 white cake mix (2 layer size)', '1 12 cups water', '12 cup butter or 12 cup margarine, melted']","['Put ingredients in a buttered 9 x 12 x 2-inch pan in even layers in the order that they are given - DO NOT MIX.', 'Bake in a 350 oven for 1 hour.']","rhubarb, frozen, rhubarb, sugar, JellO, dessert, water, butter"
yogurt parfaits,"['8 ounces, weight Light Fat Free Vanilla Yogurt (I Used Activia)', '1 cup Fresh Sliced Strawberries', '1/4 cups Low-fat Granola']",['Layer all ingredients in a serving dish.'],"Activia, Fresh, Sliced, Strawberries, Lowfat, Granola"
pink sangria,"['1 (750 ml) bottle rose wine, chilled', '14 cup brandy', '14 cup orange liqueur (Cointreau, Grand Marnier)', '2 cups white cranberry juice', '1 orange, sliced', '1 lemon, sliced', '355 ml Sprite (or other citrus flavoured soft drinks)', 'ice cube']","['In a pitcher, combine all the ingredients except the soft drink and ice cubes.', 'Refrigerate for 1 hour.', 'Add the soft drink and ice just before serving.']","ml, bottle, rose, wine, brandy, liqueur, Cointreau, Grand, Marnier, juice, Sprite, soft, drinks"
pineapple loaf,"['14 cup butter', '34 cup brown sugar', '1 egg', '13 cup orange juice concentrate', '1 tablespoon grated orange rind', '2 cups flour', '1 teaspoon baking soda', '12 teaspoon salt', '1 cup crushed pineapple with juice', '12 cup chopped pecans (optional)']","['Cream butter, sugar and egg.', 'Add orange juice and rind and mix well.', 'Sift flour, baking soda, and salt.', 'Add to creamed mixture and then stir in pineapple and pecans.', 'Pour into a greased 9"" by 5"" loaf pan.', 'Let stand while oven heats to 350 degrees.', 'Bake for 45 minutes.']","butter, brown, sugar, orange, rind, flour, baking, soda, salt, pineapple, pecans"
brown sugar 'karintou' snacks,"['200 grams Cake flour', '1 tsp Baking powder', '20 grams Sugar', '7 grams White sesame seeds', '70 ml Water', '20 cc Vegetable oil', '80 grams For candy coating: black sugar', '80 grams For candy coating: white sugar', '1/4 tsp For candy coating: soy sauce', '40 ml For candy coating: water']","['In a bowl, mix flour, baking powder, sugar, then add the sesame seeds, water, and vegetable oil and knead.', 'Once the dough is formed, wrap in plastic wrap and let rise for 30 minutes.', 'Roll out until it is 1 cm thick.', 'Then cut to 3 cm long and 1 cm wide strips.', 'Use your hands roll into tubes.', 'Deep fry in 160C oil for 10 to 15 minutes.', 'In a pan, combine the brown sugar, sugar, soy sauce, water and heat until it starts to bubble.', 'Once the large bubbles change to small bubbles, add the Step 5 karintou to coat.', 'Spread out on a baking sheet to prevent sticking.', ""They're done once they're dried.""]","Cake, flour, Baking, powder, Sugar, White, sesame, seeds, Water, Vegetable, oil"
corn casserole,"['1 can tomato sauce', '1 can corn', '1/2 lb (.2 kg) medium cheddar cheese', 'potatoes', '1 medium white onion, chopped', '1 lb (.5 kg). hamburger']","['Fry hamburger and onion together.', 'Peel and dice potatoes.', 'Boil until soft.', 'Mash potatoes.', 'Add corn to hamburger.', 'Add tomato sauce to hamburger.', 'In medium pan pour hamburger mixture.', 'Put mashed potatoes on top of hamburger.', 'Add grated cheese.', 'Bake in 350 degree (175 C.) oven until cheese melts.']","tomato, sauce, white, onion, hamburger"
harrison muesli,"['2 cups vanilla soy milk, divided', '1 cup frozen blueberries', '1 cup rolled oats', '1/2 cup sweetened flaked coconut', '1/2 cup chopped pecans', '1 cup vanilla yogurt']","['Blend 1 cup soy milk with blueberries in a blender until the mixture has the consistency of a smoothie, about 1 minute.', 'Stir together the oats, coconut, and pecans in a large bowl.', 'Stir in the blueberry mixture, yogurt, and the remaining soy milk.', 'Cover; refrigerate for at least 4 hours or up to overnight.']","vanilla, soy, milk, frozen, blueberries, rolled, oats, pecans, vanilla, yogurt"
tinklee's vanilla crack,"['1 box salted soda crackers (I use saltines)', '1 cup salted butter', '1 cup white granulated sugar', '2 tsp vanilla extract', '1/2 cup salted nut pieces']","['preheat oven to 350 degrees F rack in middle position, line a 10 x 15"" cookie sheet with heavy foil (jellyroll pan works great), having the foil go up the sides, spray foil with cooking sray', 'cover the bottom of the cookie sheet with a single layer of soda crackers, salt side up, ( you can break them in to smaller pieces to fit if you have to, set cracker lined pan aside', 'combine butter, white sugar and vanilla in a heavy sauce pan, bring to a full boil over medium high heat stirring constantly, ( a full boil will have breaking bubbles all over the surface of the pan) boil it for exactly 5 minutes, stirring constantly', 'when times up, pour mixture carefully over the soda crackers as evenly as you can, sprinkle the salted nut pieces over the top,', 'slide the pan into the oven to bake for 10 minutes, remove the pan from the oven and let it cool on a wire rack, when cookies have cooled all the way, peel off the foil backing and break into ramdom size pieces']","saltines, sugar"
erin's mashed potatoes,"['4 large potatoes', '1 can beef broth', '1 can water', '12 cup red wine', '12 cup teriyaki sauce', '2 tablespoons garlic, minced', '12 cup sour cream']","['Peel the potatoes and quarter.', 'Add all ingredients to a medium saucepan and simmer until the potatoes are tender.', 'Remove potatoes from cooking liquid and mash to desired consistencey (I like mine a bit lumpy).', 'Add a few spoonfuls of the cooking liquid and the sour cream and combine.', 'Serve as a side with steak!']","potatoes, beef, broth, water, red, wine, teriyaki"
banana cream pie smoothie,"['1 whole Vanilla Wafer Cookie', '1- 1/2 whole Peeled Bananas, Frozen', '2 cups Coconut Milk, Unsweetened From Carton', '2 Tablespoons Fat-free Half-and-half', '1 Tablespoon Vanilla Extract', '1/2 teaspoons Stevia (more To Taste)', '1 cup Ice Cubes', '4 Tablespoons Whipped Cream']","['Place vanilla wafer cookie in a baggie, seal bag and crush it into tiny pieces (I rolled a rolling pin over it).', 'Set aside.', 'In a blender add banana, coconut milk, half-and-half, vanilla extract, stevia and ice cubes.', 'Put the lid on and blend until smooth.', 'Pour into 2 cups and top each smoothie with whipped cream and crushed wafer cookie.']","Vanilla, Wafer, Cookie, Peeled, Bananas, Frozen, Milk, Unsweetened, Fatfree, Halfandhalf, Vanilla, Extract, Stevia, Ice, Cubes, Whipped, Cream"
frosty lemon ice cream sandwiches,"['32 HoneyMaid Graham Wafers', '4 cups vanilla ice cream, slightly softened', '3/4 cup frozen lemonade concentrate, thawed', ""1 cup Baker's Chocolate Chips, melted"", '1/4 cup butter or margarine']","['LINE the bottom of a 9"" (2.5L) square pan with wax paper and graham wafers, completely covering base of pan.', 'BLEND ice cream and lemonade, mixing well.', 'Pour over graham wafer base.', 'Cover with remaining wafers.', 'Freeze 1 hour or until firm.', 'COMBINE melted chocolate chips and butter and spread evenly over top graham layer.', 'Freeze until firm, about 2 hours.', 'Cut into squares or bars with warmed sharp knife.']","Graham, Wafers, Bakers, Chocolate, Chips, butter"
apple cinnamon french toast strata,"['1 loaf cinnamon-swirl bread, cubed (with raisin if you like them)', '1 (8 ounce) package cream cheese, cubed', '1 cup diced apple', '8 eggs', '2 12 cups half-and-half or 2 12 cups light cream', '8 tablespoons melted butter', '14 cup maple syrup']","['Coat a 9x13 baking dish with spray of oil.', 'Arrange half of the bread in the dish.', 'Spread the cream cheese cubes over the bread and then the apples.', 'Top with remaining bread.', 'In a large bowl beat the eggs and cream, butter and maple syrup.', 'Pour over the bread.', 'Cover with plastic wrap and refrigerate overnight or at least 2 hours.', 'Preheat the oven to 325F and bake 45 minutes of until set and lightly browned.', 'Let stand at least 15 minutes before serving with extra maple syrup.']","bread, apple, butter, maple, syrup"
margarita madras,"['3 ounces orange juice', '1 ounce white tequila', '1 ounce triple sec', '1 ounce cranberry juice', 'orange wedge, for garnish', 'coarse sugar, for garnish']","['Combine the orange juice, tequila, triple sec, and cranberry juice in a cocktail shaker filled with 3/4 cup ice.', 'Shake vigorously.', 'Pour into a glass.', 'Garnish with an orange wedge.', 'Variation-for a pink-hued rim, dip the rim of the glass in grenadine before coating with sugar.']","orange, juice, white, tequila, triple, sec, juice"
guacamole,"['2 ripe avocados', '1 garlic clove, minced', '4 ounces cream cheese, at room temperature', '12 lime, juice of', '1 tablespoon cilantro', '4 ounces sour cream', 'fresh jalapeno (to taste)', 'chopped fresh tomato (optional)']","['Mix above ingredients together until smooth.', 'Enjoy!']","juice, tomato, optional"
praline kisses,"['1 egg white, room temperature', '18 teaspoon salt', '1 cup packed brown sugar', '1 tablespoon all-purpose flour', '18 teaspoon cinnamon', '1 teaspoon vanilla extract', '1 12 cups chopped toasted pecans']","['Preheat oven to 325 degrees farenheit.', 'Grease 3 large baking sheets.', 'In a small mixing bowl, beat egg white and salt at medium speed until soft peaks form.', 'Increase speed to medium-high and add sugar a tablespoon at a time, beating until all the sugar is incorporated (mixture will be thick).', 'Stir in flour, cinnamon, vanilla and nuts.', 'Drop mixture by level teaspoons, 1 1/2 inches apart, on prepared baking sheets.', 'Bake 10 to 13 minutes, or until they are dry and firm on the top.', 'Cook 1 minute on baking sheets.', 'Transfer to racks to cool completely.', 'Store in an airtight container at room temperature for up to 10 days or freeze for longer storage.']","room, temperature, salt, packed, brown, sugar, allpurpose, flour, toasted, pecans"
apple carrot bones (dog treat),"['2 1/2 cup wheat flour', '1/2 cup rolled oats', '1 tbsp brown sugar', '2 tbsp dried parsley (optional - helps with bad breath)', '1 apple - cored, peeled and grated', '2 carrots - peeled and grated', '1 egg - beaten', '1/3 cup vegetable oil', '1/4 1/2 cup of water']","['Preheat oven to 350F and line baking sheet with parchment paper.', 'Combine flour, oats, sugar and parsley.', 'In separate bowl, combine egg, oil, apple and carrot.', 'Stir flour mixture into egg mixture, slowly adding water and kneading until a dough forms.', '*If dough is too sticky, add more flour.', 'Roll dough out on a lightly floured surface to 1/4"" thick and cut out shapes.', 'Knead scraps together, roll out, cut out shapes, and repeat until all dough is used.', 'Place on baking sheet and bake for 40-45 minutes.', 'Turn oven off and leave in oven for 20 minutes to allow bones to dry out and crisp.']","wheat, flour, rolled, oats, brown, sugar, vegetable, oil"
penne with smoked trout and sugar snap peas,"['1 lb penne rigate', '3/4 lb sugar snap peas, trimmed and halved diagonally', '2/3 cup heavy cream', '1 (1/2-lb) whole smoked trout, head, skin, bones, and tail discarded and flesh coarsely flaked', '1 tablespoon finely grated fresh lemon zest', '1/4 cup chopped fresh dill', '1/2 teaspoon salt', '1/2 teaspoon black pepper']","['Cook pasta in a large pot of 2 minutes less than package instructions indicate, then add sugar snaps and cook until sugar snaps are tender, about 2 minutes more.', 'Reserve 1/4 cup cooking water, then drain pasta and sugar snaps in a colander and return to pot.', 'Boil cream in a 1- to 1 1/2-quart heavy saucepan, uncovered, 2 minutes, then add to pasta along with trout, zest, reserved cooking water, dill, salt, and pepper and toss until combined.']","penne, rigate, sugar, snap, peas, head, skin, bones, dill, salt, black, pepper"
dried fruit salad with philly* cream,"['1 cup water', '1/2 cup orange juice', '1 tablespoon sugar', '200g dried fruit salad mix, large pieces halved', '50g dates, quartered', '1 cinnamon stick', '125g tub PHILADELPHIA Light Spreadable Cream Cheese', '1 tablespoon reduced fat milk', '1 teaspoon honey', '1/4 cup flaked almonds, toasted']","['Bring water, juice and sugar to the boil in a saucepan.', 'Simmer for 2-3 minutes until sugar has dissolved.', 'Add dried fruits and cinnamon stick, simmer a further 5 minutes.', 'Whisk together the Philly*, milk and honey until smooth.', 'Serve fruits warm with Philly* cream and toasted almonds.']","water, orange, juice, sugar, PHILADELPHIA, Cream, Cheese, reduced, fat, milk, honey, flaked, almonds"
cheesy herbed egg sandwich,"['2 eggs, scrambled', '2 Tbsp. PHILADELPHIA Chive & Onion Cream Cheese Spread', '1 English muffin, split, toasted', '1 KRAFT Singles']","['COOK the eggs over medium heat until fluffy, stirring frequently.', 'Stir in the cream cheese, until well blended.', 'SPOON the cream cheese mixture onto one muffin half.', 'TOP with the egg mixture and cheese slice.', 'Top with the remaining muffin half.']","Cream, Cheese, Spread, muffin, split, Singles"
chirashi (scattered) sushi,"['6 cups prepared sushi rice (see recipe)', '2 Hass avocados in 1/2-inch strips', 'Salt', '1 pound cucumber, carrot or daikon, or a combination, cut into matchsticks', '2 sheets nori (7 by 8 inches), cut into confetti', '2 pounds fillets of fresh salmon, tuna, yellowtail, fluke or striped bass, in slices 3 inches by 1 inch by 1/4 inch thick', '1 bunch scallions, cut in thin rings halfway up the green tops', '2 teaspoons sesame seeds']","['Place a cup of rice, cooled to just above room temperature, in the bottom of each of 6 bowls, and add a layer of the avocado slices, distributing evenly in any pattern you choose.', 'Sprinkle a pinch or two of salt over each bowl.', 'Add the raw matchstick vegetables in an even, randomly arranged layer, and sprinkle on the nori confetti.', 'Add the fish on top, arranging as you wish, perhaps in twists or rolls.', 'Scatter scallions and sesame seeds on top.', 'Serve with condiments like soy sauce, wasabi, pickled ginger and rice vinegar, so diners can season and toss sushi with chopsticks or spoons.']","sushi, rice, recipe, avocados, fillets, scallions, sesame, seeds"
super easy pie crust,"['1- 1/2 cup All-purpose Flour', '1 Tablespoon White Sugar', '1/2 teaspoons Salt', '1/2 cups Vegetable Oil', '2 Tablespoons Milk']","['If not filling the crust, preheat oven to 400 degrees.', 'If youre going to fill the crust, follow your recipe directions, add the filling, and baking accordingly.', 'Place all the ingredients into a 9 pie pan.', 'Stir together with a fork.', 'Pat the mixture into the bottom and up the sides of the pan.', 'Poke holes into the bottom and sides of the crust (if you are not filling it).', 'Bake for 15 minutes in a preheated oven or until golden brown.', 'Fill as desired!', '(I used this recipe to make a pumpkin pie, filling and baking it.', 'It came out great!)']","Allpurpose, Flour, White, Sugar, Salt, Vegetable, Oil, Milk"
creme curd cups,"['1/4 cup heavy cream', ""1/2 (10 ounce) jar Dickinson's Lemon Curd, or any flavor Dickinson's Fruit or Creme Curd"", '1 (4 ounce) package cream cheese, softened', '1 (15 count) box phyllo dessert cups', 'Fruit slices, cookie pieces, candy sprinkles, chocolate shavings (optional)']","['Whip cream in small bowl until it holds stiff peaks.', 'Stir together curd and cream cheese in separate bowl until smooth.', 'Fold whipped cream into curd mixture.', 'Pipe or spoon mixture into shells.', 'Top with your favorite garnish.', 'Refrigerate until serving.']","jar, Dickinsons, Lemon, Curd, shavings"
barbecue baked potatoes,"['4 large baking potatoes (2 lb./900 g) Safeway 2 pkg For $5.00 thru 02/09', '1/2 cup sour cream', ""1/4 cup Bull's-Eye Bold Original Barbecue Sauce"", '2 green onions, sliced', '1/4 cup French fried onions']","['Heat oven to 400 degrees F.', 'Pierce potatoes with fork or small sharp knife; place on microwaveable plate.', 'Microwave on HIGH 8 min., turning after 4 min.', 'Transfer from plate to oven.', 'Bake 20 min.', 'until potatoes are tender.', 'Cut slits in tops of potatoes; top with remaining ingredients.']","potatoes, onions, French, fried, onions"
blondie's walnut balls,"['1/2 cup semi-sweet chocolate chips', '1 tbsp water', '1 tbsp rum', '1 tbsp vanilla extract ( I add a bit extra)', '1 3/4 cup powdered sugar', '1 3/4 cup (7 ounces) ground walnuts', '1 granulated or decorative sugar']","['In medium saucepan, melt chocolate with water over low heat.', 'Continue heating; add walnuts, sugar, rum and vanilla.', 'Mix well.', 'Remove from heat; form into 1 inch balls.', 'Roll in sugar.', 'Store in refrigerator.']","water, rum, powdered, sugar, walnuts, decorative, sugar"
peanut butter bread,"['34 cup peanut butter', '12 cup sugar', '1 teaspoon vanilla', '12 teaspoon salt', '1 34 cups milk', '2 14 cups whole wheat flour', '4 teaspoons baking powder']","['In a large bowl, cream together the peanut butter and sugar.', 'Add the vanilla and salt and mix well.', 'Now add half the milk and half the flour, and all of the baking powder.', 'Mix very well.', 'Add the remaining milk and flour, and mix again until the batter is nice and smooth.', 'Turn the mixture into a well oiled 9 by 5-inch loaf pan.', 'Bake at 350 for about an hour.', 'Remove from the oven, and allow to cool for about 10 minutes before removing from the pan.', 'Cool completely before wrapping and storing.', 'These loaves freeze well.']","peanut, butter, sugar, vanilla, salt, milk, wheat, flour, baking, powder"
"salt free, low cholesterol sugar cookies recipe","['1/2 c. granulated sugar', '3/4 c. salt free corn oil', '1/4 c. egg beaters', '1 teaspoon grated orange rind', '1/4 teaspoon orange juice', '1 tbsp. low sodium baking powder', '3 1/2 c. flour, all purpose']","['Cream sugar and butter together till smooth.', 'Add in egg beaters, orange rind, orange juice, and mix well.', 'Mix together low sodium baking powder and flour.', 'Add in to creamed mix and mix well.', 'Roll dough into 1 inch balls and place on ungreased cookie sheet.', 'Rub small amount of salt free butter on bottom of glass.', 'Dip glass in granulated sugar.', 'Flatten cookie dough ball slightly using flat end of glass.', 'Bake at 300 degrees for 10-12 min.']","sugar, free, oil, egg, beaters, orange, rind, orange, juice, sodium, baking, powder, flour"
spoonriver melon mint soup,"['1 large about 3 pounds cantaloupe', '12 cup apple juice', '1 12 tablespoons lime juice', '1 12 tablespoons chopped of fresh mint', '12 cup plain yogurt', '1 tablespoon honey, if needed', '1 pinch salt']","['Cut the melon into chunks, reserving the juices.', 'Put the melon and its juices into a blender along with the apple juice and lime juice and blend until smooth.', 'Add the mint for just a few seconds at the end.', 'Pour the soup into a bowl and whisk in the yogurt.', 'Taste the soup and correct the seasonings.', 'You may want to add more mint or perhaps a little honey.']","apple, juice, lime, juice, plain, yogurt, honey, salt"
revoltillos,"['3 cups cooked brown rice', '1 lb ground turkey', '1 medium onion, chopped', '1 green bell pepper, seeded and chopped', '1 (6 ounce) canof small pitted black olives, drained', '12 cup raisins']","['Brown the meat in a large skillet or dutch oven.', 'Add the onions and cook until transparent.', 'Add the bell pepper, and saute until tender.', 'Add the rice, olives, and raisins and heat through.', '(Raisins should be plump.', ').', 'Season with salt and pepper to taste.']","brown, rice, turkey, onion, bell, pepper, pitted, black, olives, raisins"
grandma's caramel corn,"['1-1/4 gal. popped corn', '1 cup butter', '2 cups brown sugar, packed', '1/2 cup light corn syrup', '1/2 tsp. baking soda', '1/2 tsp. vanilla']","['Spread popped corn in a large shallow pan.', 'Pat in 250F oven to keep.', 'Combine butter, brown sugar, and corn syrup in 2 quart sauce pan.', 'Heat at medium until sugar dissolves.', 'Continue to boil to form a firm ball (248F), about 5 minutes.', 'Remove from heat, stir in soda and syrup (will foam).', 'Pour mixture over warmed corn in a fine stream.', 'Return to oven for 45 minutes, stirring every 15 minutes.', 'Cool and store in airtight containers.']","butter, brown, sugar, light, syrup, baking, soda, vanilla"
shalom bayit kugel (potato kugel),"['10 lbs potatoes, peeled', '2 onions, peeled', '9 -10 large eggs (or 7-8 extra-large eggs)', '1 12 tablespoons salt', '14 cup oil']","['Preheat oven to 500F (yes, 500F!', ').', 'Grate the potatoes and onions on the middle sized hole of a grater; either by hand or by food processor.', 'If you grate the potatoes and onions together, the potatoes will not turn grey right away.', 'Put into a large bowl or soup pot, and mix well with remaining ingredients.', 'Grease your baking pans, and pour mixture evenly into the pans.', 'Bake for 15 minutes at 500F, then lower the oven to 400F until done (check after an hour or so; it should be golden brown on top).', 'Eat and enjoy.']","potatoes, eggs, salt, oil"
cheese omelette,"['2 eggs', 'pinch salt', 'pinch black pepper', '2 slices any cheese']","['Heat oil in pan', 'Whisk 2 eggs in a bowl and sprinkle with salt and black pepper', 'Put the whisked egg mixture into oil and fry it for a minute', 'Put slices of cheese into pan over half cooked omelette and flip it after one min', 'Take it out of pan as omelette gets inflated and color is changed...enjoy it with any tortilla or paratha (southeastern bread) with ketchup.']",pepper
sweet and spicy red pepper dip,"['2 tablespoons extra virgin olive oil', '1 large onion, chopped', '1 jalapeno, seeded and minced', '4 garlic cloves, minced', '6 large red bell peppers, roasted, peeled, and seeded', '1 tablespoon plus 1 teaspoon red wine vinegar', '1 tablespoon balsamic vinegar', '1 tablespoon light brown sugar', '1 teaspoon ground cumin', 'Salt to taste']","['Heat the oil in a large skillet over medium heat.', 'Add the onion and jalapeno and cook uncovered, stirring often, until the onion is browned, about 6 minutes.', 'During the last minute, add the garlic.', 'Let cool slightly.', 'Combine the red peppers, onion and garlic, red wine vinegar, balsamic vinegar, brown sugar, and cumin in a food processor and process to a puree.', 'Season with salt.', 'Transfer to a medium bowl and let cool completely, then cover tightly and refrigerate until chilled, at least 1 hour, or up to 2 days.', 'Transfer to a serving bowl and serve chilled.']","virgin, olive, oil, onion, red, bell, peppers, wine, vinegar, balsamic, vinegar, light, brown, sugar"
irresistible peanut butter cookies,"['34 cup creamy peanut butter', '12 cup Crisco shortening', '1 14 cups firmly packed light brown sugar', '3 tablespoons milk', '1 tablespoon vanilla', '1 egg', '1 34 cups flour', '34 teaspoon salt', '34 teaspoon baking soda']","['Combine peanut butter, Crisco, brown sugar, milk, and vanilla in a large bowl.', 'Beat at medium speed until well blended.', 'Add egg and beat just until blended.', 'Mix in the flour, salt, and baking soda at low speed and mix just till blended.', 'Drop by heaping teaspoonfuls about 2"" apart onto an ungreased sheet.', 'Flatten slightly in crisscross pattern with tines of a floured fork.', 'Bake at 375 degrees for 7-8 minutes or until set and just beginning to brown.', 'Cool for 2 minutes on the sheet before removing.']","peanut, butter, Crisco, shortening, packed, light, brown, sugar, milk, vanilla, flour, salt, baking, soda"
double cherry crumble,"['1 (21 ounce) can cherry pie filling', '1 (16 ounce) canpitted dark sweet cherries, drained', '23 cup quick oats', '12 cup Bisquick baking mix', '12 cup packed brown sugar', '14 cup chopped nuts (optional)', '14 cup butter or 14 cup margarine', '1 teaspoon cinnamon']","['Preheat oven to 375F degrees.', 'Mix pie filling& cherries in an ungreased 8x8 baking pan.', 'Combine oats, baking mix, brown sugar, nuts, butter& cinnamon until crumbly; sprinkle over fruit.', 'Bake uncovered until fruit is hot& bubbly, and topping is golden brown, approximately 45 minutes.']","pie, quick, oats, Bisquick, mix, packed, brown, sugar, nuts, optional, butter, margarine"
my watermelon slushy,"['4 cups watermelon, frozen', '1 cup lemon- lime-flavored seltzer water', '2 tablespoons Splenda sugar substitute', '12 lemon']","['In a blender put the seltzer.', 'Squeeze the juice from half a lemon on top of the seltzer.', 'Add the splenda and then the watermelon.', 'Blend until slushy.', 'Depending on your blender, you may need a tad more seltzer.']","frozen, watermelon, limeflavored, seltzer, water, sugar, substitute"
natural peanut butter chocolate bon bons,"['12 cup cocoa powder', '12 cup honey', '1 cup natural-style peanut butter']","['Measure out the cocoa powder into a mixing bowl.', 'Grease your measuring cup with a little oil or cooking spray to measure out 1/2 cup honey, and mix with the cocoa powder with a fork or whisk.', 'Blend until the mixture resembles frosting and there are no loose cocoa particles floating around.', 'Cut in the peanut butter, until the chocolate mix absorbs it.', 'Form balls of the mixture with your hands and place on a plate, and freeze for at least 2 hours prior to eating.', 'Can be eaten cold or frozen.']","powder, honey, naturalstyle, peanut, butter"
peanut butter & jelly pie,"['1 (6 oz.) ready-to-use graham cracker crumb crust', '1/2 cup seedless raspberry preserves', '1 pkg. (8 oz.) PHILADELPHIA Cream Cheese', '1/2 cup creamy peanut butter', '3/4 cup brown sugar', '1-1/2 cups COOL WHIP Whipped Topping, thawed', '1/4 cup PLANTERS Dry Roasted Peanuts, chopped', 'fresh raspberries for topping']","['Spread the raspberry preserves in an even layer on the bottom of the crust.', 'Beat together cream cheese, peanut butter and brown sugar until smooth.', 'Gently fold in Cool Whip.', 'Spread peanut butter mixture over raspberry layer.', 'Cover loosely and refrigerate for 2 hours.', 'Cut into slices and top with chopped peanuts and fresh raspberries before serving.']","seedless, raspberry, PHILADELPHIA, Cream, Cheese, peanut, butter, brown, sugar, Whipped, Topping, Dry, Roasted, Peanuts"
german potato dumplings,"['1 cup mashed potatoes', '1 cup flour', '1 bunch fresh parsley']","['Mix the mashed potatoes together with the flour.', 'DON\'T knead, because the dumplings will ""sink"".', 'Shape the dough into small balls.', 'Place in a kettle of boiling salted water.', 'Once they rise to the surface, let them cook for 10 minutes.', 'Drain and sprinkle with fresh parsley.', 'Serve as side dish.']","potatoes, flour, parsley"
easy cheese sauce,"['6 ounces process American cheese, sliced', '13 cup milk', '14 teaspoon onion salt', '1 drop red pepper sauce (optional)']","['Put milk, onion salt and pepper sauce into a medium saucepan.', 'Tear cheese into small pieces and add to pan.', 'Heat over medium-low to medium heat until cheese is melted and mixture is smooth.']","process, milk, onion, salt, sauce, optional"
wake-up quesadilla,"['2 frozen BOCA Veggie Breakfast Links', '1 flour tortilla (6 inch)', '1 Tbsp. PHILADELPHIA 1/3 Less Fat than Cream Cheese']","['Heat breakfast links as directed on package; cut lengthwise in half.', 'Spread tortilla with reduced-fat cream cheese; top with links.', 'Fold tortilla in half.', 'Cook in nonstick skillet on medium heat 2 min.', 'on each side or until lightly browned on both sides.']","BOCA, Veggie, Breakfast, Links, Fat"
easy chocolate frosting recipe,"['3 ounce. unsweetened chocolate', '3 ounce. cream cheese, softened', '1/4 c. lowfat milk', ""4 c. confectioners' sugar"", '1/2 teaspoon salt']","['Heat chocolate on top of double boiler.', 'Combine cream cheese with lowfat milk and gradually add in sugar and salt.', 'Stir in melted chocolate and beat till smooth.', 'Makes 2 c. frosting.']","lowfat, milk, salt"
lemon gelatin n fruit salad,"['1 (3 ounce) package lemon Jell-O gelatin', '1 (8 ounce) candrained crushed pineapple', '1 (15 ounce) candrained fruit cocktail', '1 cup cottage cheese', '1 (5 ounce) can evaporated milk', '12 cup mayonnaise', '12 cup chopped pecans (I use a cup because my family loves nuts)']","['Use 3/4 cup boiling water to dissolve Jello - chill before adding milk', 'Add the milk and fruit.', 'Stir in other ingredients.', 'Pour in to shallow dish.', 'Cover and put in the frig.', 'to set.']","pineapple, milk, mayonnaise, pecans, family, nuts"
boiled onions,"['2 lbs onions (white, yellow, or vidalia)', '1 tablespoon margarine (I use Smart Balance Light) or 1 tablespoon butter', '1 tablespoon sugar (adjust according to your preference, if using Vidalia or other sweet onions, can cut the sugar in ha)', 'salt and pepper']","['Wash onions, trim ends and remove outer layer (keep whole).', ""Cook in salted boiling water for 30- 50 minutes (depending on size of onions) until soft and onion layers start to 'come apart'."", 'Drain water, and toss onions w/ margarine, sugar, salt and pepper.', 'You can make this recipe a day or 2 in advance, store in fridge, and heat up in microwave just before serving.']","yellow, onions, Smart, Balance, Light, sugar, Vidalia, sugar, pepper"
quick chocolate mousse,"['1 (1.5 ounce) bar milk chocolate candy bar', '1 tablespoon milk', '1 1/2 cups plain fat-free Greek yogurt']","['Put the chocolate bar into a microwave-safe bowl and add the milk.', 'Microwave until the chocolate is soft and melted, about 30 seconds.', 'Stir Greek yogurt into the chocolate mixture until smooth.']","milk, bar, milk, fatfree, Greek, yogurt"
easy italian-style chili,"['1 lb ground beef (80% lean)', '1 cup chopped onion', ""2 (8 ounce) cans Hunt's Tomato Sauce"", ""1 (14 1/2 ounce) can Hunt's Diced Tomatoes, undrained"", '2 cups water', '1 cup small size pasta, any shape, uncooked', '1 (16 ounce) can kidney beans, drained, rinsed', '13 cup Kraft Grated Parmesan Cheese, divided', '1 tablespoon chili powder']","['Brown meat and onion in large saucepan; drain.', 'Add tomato sauce, undrained tomatoes, water, pasta, beans, 1/4 cup cheese and chili powder; stir.', 'Cover; cook on medium heat 10 to 12 minutes or until pasta is tender, stirring occasionally.', 'Sprinkle with remaining cheese just before serving.']","onion, Hunts, Tomato, Sauce, Hunts, Diced, Tomatoes, water, pasta, shape, kidney, beans, Kraft, Grated, Parmesan, Cheese, powder"
spicy korean temple noodles,"['2 tablespoons gochujang (Korean chile paste)', '2 tablespoons Asian persimmon, plum or other fruit vinegar', '2 tablespoons sugar, preferably organic', '1 tablespoon black raspberry extract or other berry syrup', '1 teaspoon soy sauce, preferably Korean', '9 ounces thin udon', '1/4 English cucumber, peeled, quartered and sliced']","['In a large bowl, mix together the gochujang, vinegar, sugar, berry extract and soy sauce.', 'Bring to a boil 3 quarts of water in a large pot with plenty of space to spare.', 'Add the noodles, and when the water returns to the boil, add a cup of cold water.', 'Return to the boil and repeat, adding the cold water, twice more.', 'By this time the noodles should be al dente.', 'Drain them, rinse briefly with cold water and drain well.', 'Add noodles to the bowl of seasoning.', 'Toss together.', 'Divide among 4 plates or bowls, top each with cucumber and serve.']","Korean, paste, Asian, persimmon, plum, soy, udon"
fast and easy pizza fondue,"['1 (14 ounce) jar pizza sauce', '2 teaspoons italian seasoning', '1 teaspoon garlic powder', '14 cup diced pepperoni', '14 cup green pepper', '1 pinch red pepper flakes', '12 cup mozzarella cheese, shredded', '12 loaf frozen garlic bread, cut into 1 inch cubes']","['Begin by heating broiler.', 'and toasting bread.', 'While bread is toasting, combine all ingredients EXCEPT cheese in an oven-safe dish.', 'Once bread is toasted, set aside and allow to cool.', 'Place sauce under broil for up to 5 minutes or until slightly bubbling.', 'Cover sauce with cheese and place back under broil until cheese melts and begins to brown.', 'Take fondue out of the broil and allow to sit for a couple minutes, just so its not like putting molten lava in your mouth.', 'Serve with bread, fried veggies, or even tortilla chips.']","jar, pizza, sauce, italian, seasoning, powder, pepperoni, pepper, pepper, flakes, frozen, bread"
"tagliatelle with garlic, gorgonzola and basil","['12 ounces tagliatelle pasta noodles', '4 tablespoons butter', '3 garlic cloves, sliced', '8 ounces gorgonzola, crumbled', '23 cup light cream', '2 tablespoons fresh basil, chopped', 'salt', 'pepper']","['Bring a large saucepan of salted water to a boil.', 'Add the pasta and boil for 10-12 minutes until al dente.', 'While the Pasta is cooking, melt the butter in a pan.', 'Add the garlic and cook for two minutes.', 'Add half the gorgonzola cheese to the pan with the cream and stir over low heat until the cheese has melted.', 'Add the basil and season with pepper, if needed.', 'Drain the pasta, divide between warmed serving plates, pour the sauce over the pasta and scatter the remaining Gorgonzola cheese evenly over each dish.', 'Serve immediately.']","tagliatelle, pasta, noodles, butter, basil"
pepperoni rollups,"['1 (8 ounce) can refrigerated crescent dinner rolls', '1 (3 1/2 ounce) packagethinly sliced pepperoni', '12 cup shredded mozzarella cheese', '2 cups pizza sauce']","['Preheat oven to 350 degrees.', 'Separate dough into 4 rectangles; firmly press perforations to seal.', 'Place 8 pepperoni slices on each rectangle.', 'Sprinkle each rectangle with approximately 2 tablespoons mozzarella cheese.', 'Starting at shortest side, lightly roll up each rectangle; pinch to seal.', 'Slice each roll into 4 equal sections.', 'Pinch dough together on one open side of each slice to seal.', 'Place each slice sealed-side down on ungreased cookie sheet.', 'Bake for 18-20 minutes or until golden brown.', 'Serve with warm pizza sauce.']","dinner, rolls, pepperoni, pizza, sauce"
grandma's split pea soup,"['2 cups dried split peas', '3 carrots, finely chopped', '12 onion, finely chopped', '12 teaspoon minced garlic', '1 lb ham steak, diced to bite size pieces', 'salt and pepper', '1 (12 ounce) can evaporated milk']","['Add all ingredients except for the milk to soup pan and cover with water.', 'Simmer 4 hours covered, adding more water as needed or until the peas break up.', 'after the peas break up, remove lid and let excess water steam off until you have a thick paste.', 'Add evaporated milk and serve.']","split, peas, ham, steak, pepper, milk"
creamed broccoli and cauliflower soup recipe,"['2 c. broccoli', '2 c. cauliflower', '1/2 c. water', '1 teaspoon salt', '1/2 teaspoon basil', '2 tbsp. butter', '2 1/2 tbsp. flour', '3 c. lowfat milk']","['In saucepan, combine broccoli, cauliflower, water, salt, and basil.', 'Cook till tender.', 'In separate pan, heat butter till lightly browned.', 'Add in flour and stir till smooth.', 'Gradually add in lowfat milk, stirring constantly, till thickened.', 'Pour over vegetable mix and stir till blended.']","broccoli, water, salt, basil, butter, flour, lowfat, milk"
stuffed peppers,"['1 lb Ground beef', '40 oz kidney beans', '1 cooked Jasmine white rice (or your favorite )', '1 medium onion', '4 large large bell peppers', '1 garlic powder', '1 onion powder', '1 can can diced tomatoes ( fiery garlic or your choice )', '24 oz spaghetti sauce (I used garden vegetable )', '1 shredded cheese (sharp cheddar and 6 cheese blend)']","['Cook Ground beef and drain using strainer)', 'Place ground beef back in pan and add can diced tomatoes, and chopped onions kidney beans , and spaghetti sauce...cover and cook until onions are tender.', '.add your favorite seasoning I used garlic powder, onion powder Italian seasoning and salt and pepper...add rice last', 'Cut bell peppers in half ..removing all seeds and rinse well', 'Stuff peppers and sprinkle cheese on top and place in oven for about 30mins or until pepper is cooked to your liking and cheese is melted...I also put the boiler on for a couple of minutes to roasted and makes cheese a lil crunchy']","Ground, beef, kidney, beans, Jasmine, white, rice, onion, bell, peppers, powder, powder, vegetable"
black olive spread,"['1 (10 ounce) can black olives', '3 tablespoons freshly grated Parmesan cheese', '1 clove garlic, chopped', '1 tablespoon extra virgin olive oil']","['Place olives, Parmesan cheese, and garlic (if using) in a food processor.', 'Add olive oil slowly while running.', 'Process until smooth.']","black, olives, virgin, olive, oil"
double-blueberry yogurt smoothie,"['2 cups fat-free soy milk', '2 containers (6 oz. each) blueberry low-fat yogurt', '1 cup frozen blueberries', '1/4 cup thawed COOL WHIP LITE Whipped Topping']","['Blend all ingredients except COOL WHIP in blender until smooth.', 'Pour into 4 glasses.', 'Top with COOL WHIP.', 'Serve immediately.']","fatfree, soy, milk, frozen, blueberries, WHIP, LITE, Whipped, Topping"
real margaritas,"['1 lime, halved', 'Kosher salt', '1/2 cup freshly squeezed lime juice (5 limes)', '2 tablespoons freshly squeezed lemon juice (1 lemon)', '1 cup Triple Sec', '1 cup white tequila', '2 cups ice, plus extra for serving']","['If you like margaritas served in a glass with salt, rub the outside rims of 6glasses with a cut lime and dip each glass lightly into a plate of kosher salt.', 'Combine the lime juice, lemon juice, Triple Sec, tequila, and ice in a blender and puree.', 'Place extra ice in a cocktail shaker.', 'Fill with margarita mix, shake well, and strain into glasses.']","squeezed, limes, lemon, juice, Triple, Sec, white, tequila, ice"
lemon whippersnaps,"['1 (18 ounce) box lemon supreme cake mix', '2 14 cups Cool Whip, thawed', '1 large egg', ""1 cup confectioners' sugar""]","['Mix the dry cake mix, cool whip and egg to form a cookie dough.', 'Drop by spoonfuls into powdered sugar and roll.', 'Bake at 350 degrees for 10-15 minutes.']","box, lemon, mix, Cool, Whip, egg"
liver burgers recipe,"['1/4 pound grnd liver', '1/4 pound grnd beef', '1 c. fine cracker crumbs', '2 Large eggs', '1 teaspoon salt', '1 teaspoon grated onion', 'Dash of pepper']","['Mix all together and fry till done.', '(I use all liver instead of grnd beef.)']","liver, beef, eggs, salt, onion, pepper"
italian-style scallops with vegetables and pasta,"['1 pkg. (9 oz.) refrigerated angel hair pasta', '1 lb. sea scallops', '1 cup prepared GOOD SEASONS Basil Vinaigrette Dressing Mix, divided', '1 can (14 oz.) artichoke hearts, drained, cut in half', '1 large red bell pepper, sliced Target 1 pkg For $2.99 thru 02/06', '1 small onion, thinly sliced Safeway 3 lb For $2.99 thru 02/09', '1/4 cup KRAFT Shredded Parmesan Cheese', '1 can (2.25 oz.) sliced black olives, rinsed', '2 Tbsp. thinly sliced fresh basil', '1/4 tsp. crushed red pepper']","['Cook pasta as directed on package, omitting salt.', 'Meanwhile, cook and stir scallops in 1/2 cup dressing in large skillet on medium-high heat 2 min.', 'Add artichokes, bell peppers and crushed red pepper; cook and stir until scallops are opaque.', 'Drain pasta.', 'Add to scallop mixture with cheese, olives, basil and remaining dressing; mix lightly.']","refrigerated, hair, pasta, sea, scallops, prepared, Vinaigrette, Dressing, Mix, hearts, red, bell, pepper, pkg, onion, Safeway, KRAFT, Shredded, Parmesan, Cheese, black, olives, basil, red, pepper"
frappuccino,"['12 cup espresso', '2 12 cups skim milk', '14 cup sugar substitute', '1 tablespoon dry pectin']","['Combine all ingredients in a covered container.', 'Shake until sugar and pectin are dissolved.']","espresso, skim, milk, sugar, substitute, pectin"
fudgy chocolate cherry float,"['1 pint cherry vanilla ice cream', ""7 14 ounces smucker's chocolate fudge Magic Shell ice cream topping"", '20 ounces black cherry soda']","['LINE a dinner-sized plate with foil.', 'Place in freezer to chill for 10 minutes.', 'Turn Magic Shell bottle upside down and shake for at least 20 seconds.', 'SCOOP 6 rounded servings of cherry vanilla ice cream onto chilled plate.', 'Immediately coat with Magic Shell.', '(To assemble later, return to freezer until ready to serve.', ').', 'ASSEMBLE by placing two scoops of ice cream into 1 of 3 tall (12 ounce) glasses.', 'Fill glasses 2/3rds full with black cherry soda.', 'Serve immediately with iced tea spoons and straws.']",smuckers
fresh mozzarella & tomato salad with balsamic vinaigrette,"['8 ounces fresh mozzarella balls, sliced', '3 cups fresh baby greens', '3 tomatoes, sliced', '2 tablespoons fresh basil, chpped', '14 cup olive oil', '3 tablespoons balsamic vinegar', '12 teaspoon Dijon mustard', '14 teaspoon salt (or to taste)', 'fresh ground pepper']","['Mix Vinegar, mustard, salt and pepper together.', 'Add oil and whisk until well blended.', 'Spread greens on plate or in bowl.', 'Cover with tomato slices.', 'Arrange Cheese slices on top of tomatoes.', 'Drizzle dressing over salad.', 'Sprinkle with fresh basil.']","mozzarella, balls, basil, olive, oil, balsamic, vinegar, Dijon, mustard, salt, pepper"
pbj crunch bars,"['2 1/4 cups oats', '2 1/4 cups all-purpose flour', '3/4 cup white sugar', '1 cup brown sugar', '1/4 cup graham cracker crumbs', '1/4 teaspoon ground cinnamon', '3 sticks cold butter, thinly sliced', '1 1/2 cups warm peanut butter', '1 1/2 cups grape jelly']","['Preheat an oven to 375 degrees F (190 degrees C).', 'Stir the oats, flour, white sugar, brown sugar, graham cracker crumbs, and cinnamon in the bowl of a stand mixer.', 'Using the whisk attachment, cut the butter into the mixture until crumbly.', 'Press about half of the mixture into the bottom of an ungreased 9x13-inch baking dish.', 'Spread the peanut butter over the oat mixture.', 'Stir the jelly to make it spreadable and swirl into the peanut butter.', 'Sprinkle the remaining oat mixture over the peanut butter and jelly layer; gently pat until it sticks together.', 'Bake in the preheated oven until golden brown, 25 to 35 minutes.', 'Allow to cool completely before cutting into bars.']","oats, flour, white, sugar, brown, sugar, butter, warm, peanut, butter, jelly"
madame wu's spicy noodles,"['1 lb spaghetti-shaped noodles, dry', '18-14 cup sesame oil', '14 cup chili-garlic sauce', '12 cup soy sauce', '12 cup rice vinegar', '12 bunch green onion, sliced', '12 bunch fresh cilantro, chopped']","['Cook pasta according to package directions.', 'Drain and rinse with cold water.', 'Place in large mixing bowl.', 'Add remaining ingredients and toss.', 'Refrigerate until ready to serve.', 'Can be made several days ahead.']","spaghettishaped, noodles, sesame, oil, sauce, soy, sauce, rice, vinegar, onion"
jumbo seashells florentine,"['12 large shell pasta', '1 (10 ounce) package frozen chopped spinach, thawed and well drained', '1 small onion, minced', '1 egg, beaten', 'salt', 'pepper', '1 cup well-drained cottage cheese', '1 (10 3/4 ounce) can cream of mushroom soup', '13 cup water']","['Prepare macaroni shells according to package directions; drain and set aside.', 'In a mixing bowl, add the spinach, onion, egg, salt and pepper to taste, and cottage cheese; stir to combine.', 'Spoon spinach mixture into shells.', 'Place shells in a shallow baking dish.', 'Mix together the soup and water; spoon over macaroni shells.', 'Cover and bake at 350 for 25-35 minutes or until heated through.']","shell, pasta, frozen, spinach, onion, water"
aunt julie's pineapple cookies,"['8 ounces cream cheese', '1 cup butter', '2 cups sifted flour', '18 ounces pineapple preserves', '12 cup powdered sugar (approximate)']","['Mix the butter and the cream cheese in a large bowl then slowly add sifted flour until the ingredients form a soft dough.', 'Cover and refrigerate for 2 hours.', ""Sift some powdered sugar on a cutting board (just a dusting- enough so dough won't stick when you roll it out)."", 'Gather a ball of dough the size of a walnut and roll on the cutting board into a circular shape.', 'Sprinkle more powdered sugar as needed so the dought does not stick.', 'Place a small spoonful (approx.', '2 teaspoons) of pineapple preserves in the middle of the circle.', 'Either roll the dough up or fold over and seal the edges.', 'Place on a cookie sheet lined with parchment paper and bake at 350 degrees for 10-15 minutes (until the cookies begin to lightly brown on the bottom and edges.', ').']","butter, flour, pineapple, powdered, sugar, approximate"
the cheesy riri,"['tbsp olive oil', 'pinch Dried mint', '1/4 cup Bacon bits', '1 loaf Burger bread']","['Add the olive oil to the sides of the burger bread, then place the loaf into a preheated oven for 2 minutes.', 'Put the bacon bits in the lower part off the loaf.', 'Put the mozzarella cheese on top of the bacon bits.', 'Then put the loaf into the microwave for 2 and a half minutes or until the cheese melts.', 'Add the dried mint on top of the cheese, and then enjoy your meal']","oil, mint, Bacon, bits, Burger, bread"
p. f. changs sauce for fried green beans appetizer,"['1 cup japanese mayonnaise, we used Kewpie brand (regular mayo will do the trick)', '2 12 tablespoons sirachi hot chili sauce', '6 green onions, whites only, coarsely chopped', '4 garlic cloves, coarsely chopped', '12 teaspoon prepared horseradish']","['Place ingredients in blender or food processor and mix til smooth.', 'FOR THE VEGGIES:.', 'Make a tempura batter and dredge your green beans, asparagus or any veggie in it and either flash fry in oil on the stove or in the oven for a healthier spin.']","japanese, mayonnaise, mayo, trick, sauce, onions, whites, prepared, horseradish"
rob and lisa's island-escape salad,"['1/2 of a medium pineapple, cored, cut into 1/2-inch-thick slices', '1 medium mango, cut into 1/2-inch-thick slices Whole Foods 2 ea For $4.00 thru 02/09', '4 cups torn salad greens', '1 cup jicama sticks (2 inch)', '1 cup cherry tomatoes, halved', '1/4 cup Kraft Balsamic Vinaigrette Dressing']","['Preheat greased grill to medium-high heat.', 'Grill fruit 3 min.', 'on each side or until lightly browned on both sides.', 'Cut fruit into 2-inch sticks; place in large salad bowl.', 'Add greens, jicama and tomatoes; toss lightly.', 'Drizzle with dressing just before serving.']","pineapple, mango, jicama, tomatoes"
broiled parmesan tomatoes,"['Three (14 1/2-ounce) cans whole tomatoes, drained any variety including Italian plum', 'Salt and pepper', '1/2 cup (1 stick) unsalted butter', '1 1/2 cups freshly grated Parmesan']","['Place the tomatoes in a 13 by 9-inch casserole dish.', 'Sprinkle with salt and pepper to taste and top each with a pat of butter.', 'Generously sprinkle the cheese over the tomatoes and broil for 10 to 15 minutes, until the tomatoes are heated through and the cheese is bubbly.']","tomatoes, variety, pepper, unsalted, butter, Parmesan"
fair scones,"['2 1/2 cups all-purpose flour', '2 tablespoons white sugar', '2 teaspoons baking powder', '1/2 teaspoon salt', '6 tablespoons shortening', '1/2 cup milk']","['Preheat an oven to 450 degrees F (230 degrees C).', 'Whisk flour, sugar, baking powder, and salt together in a large bowl.', 'Cut shortening into flour mixture with a fork or pastry knife until crumbly texture.', 'Add milk; mix until just combined.', 'Turn dough onto a floured surface; knead until completely mixed, about 1 minute.', 'Divide into 2 equal pieces.', 'Roll or pat each piece into a 3/4-inch round.', 'Cut each round into 4 pieces.', 'Arrange pieces on a baking sheet.', 'Bake in the preheated oven until golden brown, about 15 minutes.']","flour, white, sugar, baking, powder, salt, milk"
tomato and spinach casserole,"['10 ounces fresh spinach or 10 ounces frozen spinach, chopped', '2 teaspoons lemon juice', '2 tablespoons sour cream', '4 ounces button mushrooms', '3 tablespoons butter, divided', '3 -4 large tomatoes', 'salt and pepper', '12-1 cup parmesan cheese']","['Cook spinach; drain well.', 'Sprinkle with lemon juice, and sourcream, mix with mushrooms that have been browned in 1 tablespoons butter and place in a casserole dish.', 'On this place place sliced tomatoes sprinkled with salt and pepper.', 'Sprinkle cheese on top and dot with remaining butter.', 'Bake in 350* oven until browned; about 10 minutes.']","spinach, frozen, spinach, lemon, juice, button, mushrooms, butter, tomatoes, pepper"
marco canora's braised red cabbage,"['2 tablespoons butter', '1 small red onion, peeled and thinly sliced', '1 medium red cabbage, quartered, spines removed and thinly sliced', '12 cup dark brown sugar', '2 tablespoons caraway seeds', '2 tablespoons yellow mustard seeds', '12 cup cider vinegar', '34 cup dry red wine', '1 large tart apple, such as Granny Smith, peeled and coarsely grated', 'salt & freshly ground black pepper']","['1.', 'Melt the butter in a large saute pan over medium heat.', 'Add the onions and saute until softened, about 5 minutes.', 'Add the cabbage and toss until it begins to wilt, 2 to 3 minutes.', '2.', 'Add the brown sugar, caraway seeds, mustard seeds, vinegar, wine and apple.', 'Stir to combine, and season with salt and pepper.', 'Cut a circle of parchment paper the size of the bottom of the pan, slice a small vent in the middle, and place directly over the cabbage.', 'Simmer until the cabbage is soft, about 45 minutes.', 'Adjust salt and pepper, and serve.']","butter, red, onion, spines, brown, sugar, seeds, yellow, mustard, seeds, vinegar, red, wine, tart, apple, black, pepper"
"avocado ""pesto"" recipe","['1 med Avocado, peeled, halved', '1 c. Lightly packed fresh basil leaves', '1/2 c. Canned chicken broth, (or possibly more)', '4 lrg Garlic cloves', '2 Tbsp. Fresh lime juice', '1/2 c. Vegetable oil']","['Place avocado, basil, 1/2 c. broth, garlic and lime juice in blender.', 'Blend till minced, scraping down sides as needed.', 'With machine running, gradually add in oil and blend till smooth.', 'If too thick, gradually add in more broth by Tbsp..', 'Season with salt and pepper.', '(Can be made 1 day ahead; chill.)', 'Makes about 2 c..']","Avocado, packed, basil, leaves, Canned, broth, Garlic, Fresh, lime, juice, Vegetable, oil"
italian burritos,"['1 14 lbs mild Italian sausage or 1 14 lbs hot Italian sausage', '1 (10 ounce) package frozen spinach, thawed and squeezed dry', '1 (10 ounce) containerrefrigerated alfredo sauce', '14 cup fresh basil, chopped', '8 8-9 inch flour tortillas', '1 (28 ounce) jar spaghetti sauce', '1 cup parmesan cheese, shredded']","['Preheat oven to 375F.', 'Grease a 13x9 inch baking dish.', 'Remove sausage from casings, brown in a large skillet and pour off excess fat.', 'Add spinach, Alfredo sauce and basil and combine.', 'Divide mixture between 8 tortillas, roll up and place seam side down in baking dish.', 'Top with spaghetti sauce and sprinkle with cheese.', 'Bake 45-50 minutes or until hot.']","mild, Italian, sausage, frozen, spinach, alfredo, sauce, basil, flour, tortillas"
simple peanut butter and tomato sandwich,"['peanut butter', '2 slices whole wheat bread', '1/4 teaspoon white sugar, or to taste', '1 tablespoon low-fat creamy salad dressing (such as Miracle Whip Light)', '1 tomato, thickly sliced', 'salt and ground black pepper to taste']","['Spread peanut butter on one slice of bread; sprinkle with white sugar.', 'Spread creamy salad dressing on the other slice of bread; top with tomato slices.', 'Sprinkle tomatoes with salt and pepper.', 'Place the 2 sides together and enjoy!']","wheat, bread, white, sugar, black, pepper"
stuffed papaya boats,"['1 cup low fat cottage cheese', '13 cup crushed pineapple, drained', '3 tablespoons honey', '1 tablespoon lime juice', '2 ripe papayas', '1 dash ground cinnamon', 'dask ground allspice']","['In a small bowl, combine all ingredients except papayas.', 'Mix well.', 'Chill several hours.', 'At serving time, peel papayas and cut them in half lengthwise.', 'Scoop out and discard seeds.', 'Cut a very thin slice off the bottom of each half so they will remina stable on the plate.', 'Stir the cottage cheese mixture and mound it into the papaya shells.', 'Sprinkle lightly with additional cinnamon.', 'NOTE: preparation time does not include chilling time.']","pineapple, honey, lime, juice, papayas, allspice"
easy coconut slice,"['1 cup self raising flour', '34 cup caster sugar', '1 cup desiccated coconut', '125 g butter, melted', '2 eggs', '12 cup milk', 'extra icing sugar, for dusting']","['Grease a 19cm x 29cm slice pan and line with baking paper.', 'Sift flour into a large bowl; stir in sugar and coconut.', 'Make a well in the centre.', 'Add combined butter, eggs and milk; mix well.', 'Pour into prepared pan.', 'Cook in moderate oven, 180 C for about 30 minutes, or until cooked when tested.', 'Stand slice in pan for 5 mins; cool on wire rack.', 'Serve slice warm or cold, cut into squares.', 'Dust with extra icing sugar.', 'Decorate with berries if you wish.']","flour, sugar, butter, milk, sugar"
bourbon currant cookies,"['1 cup (2 sticks) unsalted butter, room temperature', '1 cup sugar', '2 large eggs', '3 cups sifted all-purpose flour, plus more for work surface', '1/3 cup bourbon', '1/2 cup dried currants', '1/4 cup heavy cream']","['Preheat oven to 350F.', 'Put butter and sugar in the bowl of an electric mixer fitted with the paddle attachment; mix on medium speed until smooth.', 'Add 1 egg, the flour, bourbon, and currants; mix until well combined.', 'Roll out dough on a lightly floured work surface to 1/4 inch thick.', 'Cut into desired shapes (such as 2-inch card suit shapes).', 'Whisk together remaining egg and the cream in a small bowl, and brush cookies with egg wash. Space 1 inch apart on baking sheets lined with parchment paper.', 'Bake until pale golden brown,12 to 15 minutes.', 'Let cool on sheets on wire racks.', 'Cookies can be stored in airtight containers at room temperature up to 2 days.']","room, temperature, sugar, eggs, allpurpose, flour, bourbon"
pear liquor,"['1 lb pears', '3 cup vodka, rum, or brandy', '1 cup simple syrup', '3 tsp cinnamon', '2 clove', '2 tsp coriander seed']","['slice pears and add to other ingredients, adding sugar last.', 'let steep for three weeks.', 'strain and serve.']","vodka, rum, simple, syrup, seed"
"chocolate, coffee & hazelnut loaf","['300 ml thickened cream, well chilled', '1 liter prepared chocolate custard', '14 cup strong black coffee', '125 g roasted hazelnuts, roughly chopped', '125 g dark chocolate', '300 ml thickened cream', 'extra chopped chocolate']","['Beat cream in a bowl until soft peaks form, fold through chocolate custard and coffee using a large metal spoon.', 'Spoon into a large loaf tin, cover with plastic wrap and freeze for several hours.', 'Remove chocolate mixture from the freezer and process with a food processor until thick & creamy.', 'Transfer to a large bowl and fold through hazelnuts using a large metal spoon, cover & freeze again.', 'To make sauce: Break chocolate into pieces and put in a bowl with the cream, stir continuously over simmering hot water until a smooth sauce forms, remove from heat, allow to cool.', 'To serve: Turn loaf out onto a large plate and remove plastic wrap.', 'Sprinkle with chopped chocolate, cut into slices and serve with chocolate sauce.']","roasted, hazelnuts"
reuben in the round,"['1 (16 ounce) container sour cream', '12 cup thousand island dressing', '14 cup sliced green onion', '8 (2 cup) ouncesshredded swiss cheese', '8 ounces deli corned beef, cut into bite-size pieces', '1 (8 ounce) can sauerkraut, drained', '1 12 teaspoons caraway seeds', '1 (1 lb) loafunsliced pumpernickel bread or 1 (1 lb) loaf rye bread or 1 (1 lb) loaf sourdough bread', 'fresh vegetables (, celery, carrots, cukes, etc.)']","['In large bowl, stir together all ingredients except bread and veggies.', 'Refrigerate at least 2 hours.', 'Cut thin, lengthwise slice off of top of bread.', 'Hollow out center of bread, reserving bread to use for dipping, and leaving 1-inch shell.', 'fill with dip.', 'Serve with reserved bread and veggie dippers.']","island, dressing, onion, beef, seeds, loafunsliced, pumpernickel, bread, loaf, rye, bread, sourdough, bread"
original pound cake,"['2 cups sugar', '2 cups flour', '14 teaspoon salt', '1 teaspoon baking soda', '1 cup butter, softened', '5 eggs', '1 12 teaspoons vanilla extract', '1 12 teaspoons lemon extract (optional)']","['Combine all ingredients in a large mixer bowl until smooth about 5 or 6 minutes.', 'Add eggs , one at a time while you mix.', 'Pour into well buttered Bundt pan, or you can use a bread loaf pan.', 'Bake at 325 for 60 minutes, or until cake tests done.']","sugar, flour, salt, baking, soda, butter, lemon"
"bread, bean and vegetable soup, second time around","['Half of recipe above', '2 to 3 cups dayold dried good quality bread such as a nutty unsweetened whole wheat bread (Italian) or a sourdough or a Tuscan bread or a country French bread, cut into 1inch chunks, crusts left on', '4 teaspoons extra virgin olive oil', 'Salt and freshly ground black pepper', 'Freshly grated Parmesan or Pecorino Romano for garnish']","['Bring leftover soup to a boil.', 'Add diced bread and cook, stirring on occasion, for 10 minutes or until soup is thick and porridgelike.', 'Adjust the seasoning and ladle out.', 'Drizzle with olive oil and dust with more cheese if you like.']","recipe, dayold, quality, bread, French, bread, virgin, olive, oil, black, pepper, Romano"
mango lassi,"['1 large ripe mango', '10 fluid ounces low-fat yogurt', '1 ounce granulated sugar (or to taste)', '12 pint ice cube', '1 pinch salt', '12 pint soda water or 12 pint carbonated mineral water, chilled']","['Peel the mango and cut the flesh from the central stone.', 'Place mango flesh in blender together with ice, sugar, salt and yoghurt.', 'Blitz until smooth.', 'Pour into glasses and top up with chilled soda water.', 'Serve.']","ripe, mango, lowfat, yogurt, sugar, salt, soda, water"
blt salad,"['34 cup mayonnaise', '4 slices Italian bread (1-inch thick)', '12 slices bacon, thick-cut, chopped', '3 tablespoons red wine vinegar', '4 cups cherry tomatoes, halved', '1 (10 ounce) bag romaine lettuce, chopped', 'salt', 'fresh ground pepper']","['Adjust oven rack to middle position and heat oven to 475F Spread 1/4 cup mayonnaise over both sides of bread slices and transfer to baking sheet.', 'Bake until golden brown, 8-10 minutes.', 'let cool 5 minutes, then cut into 1-inch croutons.', 'Cook bacon in large skillet over medium heat until crisp, about 8 minutes.', 'Transfer to paper towel-lined plate.', 'Discard dripping.', 'Whisk remaining mayonnaise and vinegar in large bowl.', 'Add bacon, tomatoes, lettuce, and croutons and toss to combine.', 'Season with salt and pepper.', 'Serve.']","mayonnaise, Italian, bread, wine, vinegar, tomatoes, romaine, lettuce, pepper"
spinach casserole,"['1 12 cups egg substitute (or 6 eggs, lightly beaten)', '1 (16 ounce) container lowfat large curd cottage cheese', '1 (16 ounce) container fat-free cottage cheese', '8 ounces shredded low-fat cheddar cheese', '6 tablespoons all-purpose flour', '2 (20 ounce) packages frozen chopped spinach, thawed and drained well']","['Preheat oven to 350 degrees.', 'Combine all ingredients together in large bowl.', 'Spray large casserole dish or oblong baking pan with non-stick cooking spray.', 'Pour ingredients in pan and bake at 350 degrees for 1 hour or until knife inserted in middle comes out clean.']","egg, substitute, allpurpose, flour, packages, spinach"
yellow squash saute,"['1 teaspoon olive oil', '12 lb yellow squash, sliced into 1/4 inch slices', '12 cup diced onion', '1 green pepper, diced', '1 tablespoon garlic powder', '1 teaspoon oregano', '1 teaspoon dried basil', 'salt and pepper']","['Coat frying pan or sauce pan with olive oil and heat to a medium-high heat.', 'Add in onions, squash, and green pepper and saute until everything everything is lightly browned but still has some crispyness to it.', 'About 8 minutes for me.', 'Add in seasonings and stir well.', 'Let cook for an additional minute and serve.']","olive, oil, onion, pepper, powder, basil, pepper"
hootenanny pancakes,"['12 cup butter or 12 cup margarine', '6 eggs', '1 cup milk', '14 teaspoon salt', '1 cup flour']","['Preheat oven to 425 degree F.', 'Put entire stick butter into a 9 x 13 inch pan.', 'Put pan with butter into the oven until butter is melted.', 'Beat the eggs, milk, and salt until frothy.', 'Add flour.', 'Beat until mixed.', 'Pour over melted butter.', 'Bake for 25 to 30 minutes.', 'Serve with syrup or jelly.']","butter, margarine, milk, salt, flour"
to go energy drink,"['24 ounces coconut water', '1 tablespoon acai pulp, powdered', '1 tablespoon elderberry, powder', 'stevia', '1 lime, juice of']","['Pour in coconut water, add in powders, squeeze of lime -- Taste!', 'Add stevia if you have a sweet tooth that needs satiety:).']","water, elderberry, powder, juice"
virgin mojito,"['15 mint leaves', '1 teaspoon raw sugar', '1 ounce fresh lime juice', '1/2 ounce Simple Syrup', 'Ice', '4 ounces chilled ginger ale']","['In a cocktail shaker, muddle the mint, sugar, lime juice and Simple Syrup.', 'Add ice, shake well and pour into a highball glass.', 'Top with the ginger ale.']","raw, sugar, lime, juice, Simple, Syrup, ale"
crunchy exploding snack beans/spicy chili variation,"['15 ounces kidney beans', '1 tablespoon olive oil', '12 teaspoon chili powder', '12 teaspoon cumin', '12 teaspoon garlic powder', 'salt, to taste', 'pepper, to taste']","['Preheat oven to 375.', 'Rinse beans in a colander, and drain extremely well.', 'In a bowl, mix beans with oil and seasonings.', 'Transfer beans to a rimmed baking pan lined with parchment paper and arrange in a single layer.', 'Roast for about an hour, stirring gently every 10 to 15 minutes.', 'They will burst open (explode) as they dry.', 'The beans are done when they are crunchy.', 'Feel free to adapt to your favorite seasonings.']","kidney, beans, olive, oil, powder, powder"
tegelese tesmi (eritrean herb butter),"['1 cup unsalted butter', '12 cup water', '2 small onions, shredded', '2 garlic cloves, crushed', '2 teaspoons ginger, shredded']","['Put the butter and the water in a frying-pan and heat them until the butter has melted.', 'Add the other ingredients and simmer the mixture on low for 30 minutes, until the mixture stops skimming and the butter is clear.', 'Do NOT stir the mixture.', 'Sieve the butter and allow to cool down in a well closed jam jar .']","unsalted, butter, water, onions"
josey packards autumnal old-fashioned,"['1/2 teaspoon cinnamon simple syrup', '2 1/4 ounces Lairds bonded applejack', 'Scant 1/2 ounce Demerara simple syrup', 'Dash of Fee Brothers Whiskey Barrel-aged bitters', 'Orange peel']","['Build ingredients in old-fashioned glass, add ice, swirl and garnish with orange peel.']","simple, syrup, Lairds, applejack, simple, syrup, Barrelaged, bitters"
almond bread - no grains - no flour - no gluten - low carb,"['14 cup arrowroot', '14 cup almond flour', '34 cup almond butter', '1 tablespoon flax seed meal', '12 teaspoon baking powder', '12 teaspoon salt', '4 large eggs']","['Mix wet ingredients: Almond butter and 4 eggs; mix until blended and smooth.', 'Mix all dry ingredients together-whisk together until well mixed.', 'Mix wet and dry ingredients until smooth (I use an electric hand mixer).', 'Grease the baking pan/bread pan with coconut oil.', 'Sprinkle flax meal on pan dusting all sides.', 'Add batter to bread pan.', 'Add to pre-heated 350F degree oven/20-25 minutes.', ""Check with toothpick to test for 'doneness'.""]","almond, flour, almond, butter, flax, seed, meal, baking, powder, salt, eggs"
three basil pesto,"['4 garlic cloves', '3/4 cup pine nuts (1/4 pound)', '2 cups grated Parmigiano-Reggiano', '2 cups grated Pecorino Romano', '3 cups packed Italian basil leaves', '1 1/2 cups packed bush basil leaves', '1 cup loosely packed fresh lemon basil leaves', '2 cups packed flat-leaf parsley leaves', '5 tablespoons olive oil']","['Pulse garlic in a food processor until finely chopped, then add nuts, cheeses, a large handful of herbs, and 1 teaspoon pepper and process until chopped.', 'Add remaining herbs one handful at a time, pulsing after each addition, until finely chopped.', 'With motor running, add oil and blend until incorporated.']","pine, nuts, ParmigianoReggiano, Pecorino, Romano, packed, Italian, basil, leaves, packed, basil, leaves, packed, parsley, leaves, olive, oil"
healthier peanut butter cup pie,"['1 (3 ounce) package sugar-free instant vanilla pudding mix (4-serving size)', '1 13 cups nonfat dry milk powder, divided (Carnation)', '2 cups water, divided', '6 tablespoons reduced-fat creamy peanut butter (Peter Pan)', '14 cup Cool Whip Free or 14 cup Cool Whip Lite', '1 (6 ounce) chocolate wafer pie crust', '1 (3 ounce) package sugar-free instant chocolate fudge pudding mix (4-serving size)', '1 tablespoon dry roasted peanuts, finely chopped']","['Combine vanilla pudding mix, 2/3 cup dry milk powder and 1 cup of water using a wire whisk.', 'Blend in peanut butter and Cool Whip and mix well with whisk until smooth.', 'Spread mixture into pie crust.', 'In the same bowl, combine dry chocolate fudge pudding mix, remaining 2/3 cup dry milk powder and remaining 1 cup water and mix well using the whisk.', 'Spread chocolate mixture evenly over peanut butter mixture in pie crust.', 'Sprinkle chopped peanuts on top and refrigerate at least 1 hour.']","nonfat, milk, powder, Carnation, water, butter, Peter, Pan, Free, Whip, Lite, roasted, peanuts"
